id,text,polarity
9f5c7536,Recorriendo el #CampNouüèü https://t.co/ZKZ1ERaiZS,Neutral
8e59cbaa,@FCBarcelona fera desde pequenoüò≤üò≤,Neutral
a2c38968,@sport Y el barca que haria sin Messi????? Ni rotaciones le pueden dar.,Negative
51cf6477,Please RT!! #barcelona #fcbarcelona #Barca #fcb    Los titulares habituales en el Bar√ßa ya piensan en el... https://t.co/XT4bUcoqqI https://t.co/euEbdIPb8Y,Neutral
2a1bb2a5,"@NostradamusFCB Si parce que miedo, s√≥lo el barca o el city ser√≠an capaces de pararlos, esos desgraciados nacieron pa jugar la champions",Neutral
7c2deb3b,@Matt_Santangelo Mino= No Barca.,Neutral
55a8dfe9,Pero cuando dicen que os ganar√° el Bar√ßa acaba pasando..üîµüî¥ https://t.co/FZWpY4tyW2,Neutral
c67c8f81,"@RoussGame Te as enterado que an robado en la tienda del atleti
Creo que era la tienda. 
La verdad que hay poca vigilancia en vuestro estadio 
Y ma√±ana tener cuidadito que e visto videos de los ultras rusos de ma√±ana y son como los de bilbao",Negative
5c5d618c,"Qu√© maravilla que este chico tocado por Dios, juegue en el Bar√ßa! Toda la historia que ha hecho Leo y toda la que le falta! EL MEJOR DE LA HISTORIA! https://t.co/WwnQZBVNvX",Positive
1894c5a1,@natxinho @jorgeneo @F_Reymundo totalmente! Aqu√≠ solo tiene favores arbitrales el Bar√ßa! Son as√≠ de cutres.... lo de la ida hace q el ba√±o de ayer sea posible,Negative
32b44cd7,@AS_Manolete Hombre soy del Bar√ßa y espero que el Bar√ßa pase pero de momento de el Bar√ßa no est√° clasificado,Neutral
c5e21813,@diarioas Ni aunque ganen pueden vivir sin el Bar√ßa  jajajajja,Neutral
81378a55,"Con todo respeto, no le veo mucho sentido a estos partidos, solo espero que no haya lesionados y que sirva para que se fogueen los jugadores del #Bar√ßa B. Y el resultado es lo de menos.üî¥üîµ https://t.co/nu5tiGT1yl",Neutral
7882c517,"@ALEX15vs @FCBarcelona_es @FCBarcelona El va por todos los r√©cords de su estilo de futbol en lo que juegue, no importa si es en, el campeonato del jard√≠n de infantes, la rompe!, el pat√°n haciendo historia.",Neutral
fc6fda2d,@ngomez9 @FirmaEspn @EJerezESPN @kenneth_garay @vikingomartell Ahora el psg es paquete. Pobre ignorante. Cuando el Bar√ßa perdi√≥ 3-0 ha esque nos toco el psg y sin neymar. Ahora q el Madrid lo elimino es un paquete de equipo. Ser aficionado a muerte es admirable pero ser tonto y no aceptar las cosas es risible.,Negative
3fc87e2e,"¬°DE PIE DAMAS Y CABALLEROS! üíÉüï¥üëè
#HOY se cumplen 17 a√±os del debut oficial de Leo #Messi con el Infantil ""B"" del... https://t.co/kytx0qL8mP",Positive
41ef5e67,@jotajordi13 Si..pero la liga y la copa os comeis un mojon como una catedral y cuando os coja el bar√ßa...set en blancoüòÇüòÇüòÇüòÇüòÇ,Negative
42aa2837,"Andr√©s Iniesta, a toda m√°quina para llegar al Bar√ßa-Chelsea https://t.co/35XnHX7uTM  #fcb #fcblive #barca https://t.co/3jUKhgo0vM",Neutral
590e31bc,"Deportes Cuatro: SOIS UNA MIERDA

Est√°n tachando de vergonzoso hasta las bengalas encendidas fuera del estadio y c√°nticos vs Madrid.

Cuando Atleti o Madrid hacen los mismos recibimientos no dicen nada, LO CONTRARIO.

Y esos c√°nticos se hacen en todos los campos de Espa√±a.",Negative
dfbfbf2f,"‚öΩÔ∏èüá™üá∏| Bar√ßa

El partido de 'Dinho' ese d√≠a, fue de los que hacen √©poca. Repaso de √©l solito a todo el Real Madrid. Inolvidable. 
Ronaldinho. 
üòÅü§ôüèºüáßüá∑üé∂

#FCBlive #Bar√ßa #For√ßaBar√ßa #FCBarcelona #LaLiga #ElCl√°sico ‚öΩÔ∏èüî¥üîµ

V√≠a üìéFCBarcelona_es 

https://t.co/bOfn5BSvIq",Positive
5c656a87,"@TOTWprediccion No crees que despues de ganar al Bar√ßa (y empatar), ganar al Madrid y ganar al Atleti en el espanyol nos merecemos algun IF?",Neutral
3640f1dc,"@BorregaF Lo que quiero decir es q esto va seg√∫n la competici√≥n que dispute el Madrid , es m√°s ese a√±o el Bar√ßa gan√≥ liga y champions y la copa rey fue m√°s importante que lo q gano el Barcelona",Neutral
da5b9b1a,"Por eso el Bar√ßa le suele hacer mucho da√±o, Messi lee esos espacios de maravilla y recibir en ese espacio un bal√≥n en juego posicionar es mortal. https://t.co/qmzmb8lIBU",Neutral
43c66ae0,"¬°TREMENDO! üôå La brutal exhibici√≥n de Koke en el rondo del entrenamiento. üí•‚öΩ
#Atleti #UEL ‚û°Ô∏è https://t.co/QXtAAzb9Px https://t.co/971sGBX6GJ",Positive
1f103e4b,"Que venga Arthur me tiene m√°s emocionado que cualquier otro fichaje que llegue, m√°s que Griezmann. Es perfecto para nuestro juego m√°s las ganas que tiene de jugar ya en el Bar√ßa üîµüî¥",Positive
2b34cc39,#Atl√©tico Unos 1.300 efectivos velar√°n por la seguridad en el Atl√©tico-Lokomotiv https://t.co/ArqUDqNgAM https://t.co/UZTzqLihZ2,Neutral
1dcc467e,@LVPibai @cojoneslml De camino al Bar√ßa-Espanyol.,Neutral
6a47c338,"Ricca y Chory Castro, a punto para recibir al Bar√ßa | Mundo Deportivo https://t.co/Rw2H4oNveR",Neutral
67ccb185,#OBST√ÅCULO nivel ROJO en #A8 (pk 115) BILBAO #DGTBizkaia #DGT https://t.co/jKY7wSszNk,Neutral
04f88954,@Messivomita_ POR CIERTO AHORA QUIEN ES EL QUE JUEGA CONTRA 10 ME PARECE QUE LOS QUE SE QUEJABAN QUE EL BARCA JUGABA CONTRA 10 SE TIENEN QUE COMER SUS PALABRAS. EL A√ëO PASADO BAYERN (2 VECES) Y AHORA PSG. https://t.co/1jdPAq6TVq,Negative
4f28f9fc,@eSports_Barca @MakitaCR Md por favor,Neutral
9cd47d6d,"@EduRS23 @Chapin_Cule No compares al atl√©tico con el Bar√ßa, nosotros somos incapaces de ir a meter autobuses y jugar la mierda que propone el cholo. Esa liga que hablas te la regal√≥ Mateu Lahoz.",Negative
809b8b98,Hoy es un muy buen d√≠a para darse un pase√≠to con la camiseta del Bar√ßa por Par√≠s!,Positive
9c05fcc5,@nacholopez79 @Futbol_Flchaje @Futbool_Cracks Messi sabe que sin el barca no es nadie. No tuvo ni tendra cojones de dejar el barca y demostrar algo en otro equipo.,Negative
f1387500,"üè† PSG: ‚öΩÔ∏è
‚úàÔ∏è PSG: ‚öΩÔ∏è‚öΩÔ∏è
üè† BVB: ‚öΩÔ∏è
‚úàÔ∏è Apoel: ‚öΩÔ∏è‚öΩÔ∏è
‚úàÔ∏è Spurs: ‚öΩÔ∏è
üè† Spurs: ‚öΩÔ∏è
‚úàÔ∏è BVB: ‚öΩÔ∏è‚öΩÔ∏è
üè† Apoel: ‚öΩÔ∏è‚öΩÔ∏è
üèÜ Juve: ‚öΩÔ∏è‚öΩÔ∏è
‚úàÔ∏è Atleti: ‚ùå
üè† Atleti: ‚öΩÔ∏è‚öΩÔ∏è‚öΩÔ∏è
üè† Bayern: ‚öΩÔ∏è‚öΩÔ∏è‚öΩÔ∏è
‚úàÔ∏è Bayern: ‚öΩÔ∏è‚öΩÔ∏è https://t.co/7hwegYqdj5",Neutral
48443acb,"@AS_Manolete Jajaja pero no era el PSG el miura? Y el a√±o pasado el Bayern, la Juve o tu Atleti? A ver si va a resultar que el miura es el Madrid. En el extranjero nadie quiere al Madrid en el sorteo. Suerte con tu antimadridismo lo superar√°s. Bebe mucha agua no lo olvides.",Negative
eece5291,@MahouSanMiguel @HelenaNeninson Si.  Bueno hay un t√©rmino medio q √∫ltimamente es muy utilizado.  Y un penalti que es ? Aparte de lo que nunca le pintan al Bar√ßa,Negative
fd1ef580,"@el_joven_tob @20m @Atleti no, se llevaron la copa del mundo del 74 que es mas importante que la de europa",Neutral
c26f6498,El üé• y las üì∑ del entrenamiento de este mi√©rcoles #For√ßaBar√ßa https://t.co/P8Bojcv1Ii,Neutral
f061dc50,Alguien de Barcelona sabe de alguien que tenga/venda pases o entradas(2 personas) para el Bar√ßa-Legan√©s el d√≠a 8 de Abril? Agradezco cualquier info o ayuda!,Neutral
fdb50e86,"""Le√≠to, ven√≠. No le saques tan r√°pido el pie a la pelota, porque si no ella no sabe lo que vos quer√©s‚Äù https://t.co/kS5n4Y4u7p #Messi #Maradona #SeleccionArgentina https://t.co/GdALKBxTPr",Neutral
41cf074e,¬øALABA EN EL OJO DEL BAR√áA?|HAZARD QUIERE IRSE DEL CHELSEA EN VERANO!!|EMERY SER√Å DESPEDIDO!!: https://t.co/1kER6mUnNn via @YouTube,Neutral
7045b693,"Qu√© poco profesional el gentuzo de Guardiola. Entrena al City pero siempre anda diciendo que si el Bar√ßa esto el Bar√ßa lo otro, Messi esto Messi lo otro. T√≠o cansino y pedante de los cojones, mira por tu equipo y deja de lamerle la cola al Bar√ßa",Negative
91470f8e,"Si el Bar√ßa hubiese fichado a Verratti, a lo mejor el PSG hubiese terminado con 11 y quien sabe...
üòÇüòÇüòÇüòÇüòÇüòÇüòÇüòÇüòÇüòÇ https://t.co/7BbVyog4pk",Neutral
b40064d6,"Mascherano: ""No me arrepiento de irme del Bar√ßa"" https://t.co/1NQD826ghZ",Neutral
15c99169,"@darf_14 Ahora hay una campa√±a por defender a Andr√© de como si fuera el mismo Xavi. ¬°Por favor! Que se largue. No es un jugador para el Bar√ßa. Eventualmente anotar√°, o le dar√° una asistencia a Messi. Pero seguro hay algo mejor por la mitad de lo que √©l cost√≥, o echar mano de la Mas√≠a.",Negative
4f53b77c,@jorgeshrug Me has visto alguna vez celebrando la realmadrididaci√≥n extrema que est√° experimentando el Bar√ßa desde la llegada del puto mafias Rosell y su numero dos Nobita?,Negative
a5eb5b21,"Cuando Pep estuvo en el bar√ßa ganando de todo se busc√≥ minimizar todo lo que hizo, e incluso hoy d√≠a se sigue haciendo... Hay que tener huevos para decir que se busca minimizar lo que hace el Madrid. https://t.co/7RmKcjvibL",Negative
24df7cf3,Si jugamos como contra el Barca al villareal le ganamosüôèüíõüíô,Positive
fe499c7c,Hoy hace 17 a√±os que cambio la historia del futbol...#Messi disputo su primer partido con el equipo de su vida #FCBarcelona https://t.co/YxuzcaNjtv,Positive
669cae54,Please RT!! #atleti #atletico #ATM  Atl√©tico de Madrid - Lokomotiv Mosc√∫: Horario y d√≥nde ver el partido. https://t.co/dKeC8zOBYW https://t.co/v1UlHUmuaG,Neutral
6a2f59d8,"@EASPORTSEsp No crees que despues de ganar al Bar√ßa (y empatar), ganar al Madrid y ganar al Atleti en el espanyol nos merecemos algun IF?",Negative
4ce5e1bc,@eDu_Mister @RCCelta @Atleti jajaja dejemoslo  en un 1-1 jaajaja bueno old trafford es la leche eh üòÖ,Positive
bfe3ca6d,"@SpheraSports ‚öΩ Lionel Messi 
üó£ Johan Cruyff 
‚úç Jes√∫s Gil 
üé´ Maracan√° 
üéΩ la del centenario del Bar√ßa",Neutral
a3d186ed,@jotajordi13 Jajajajajaja y yo veo a un imbecil que nunca ver√° a su barca mierda con 12 champions,Negative
d4446106,"@Calieiro @LaLiga @LeaguePremierBR Correcto, Mbappe jugara en Madrid-Bar√ßa o el que no este mas arriba en Inglaterra. En el Madrid le ofrecian sueldo similar al psg segun habia leido y si se fue ahi es xq es joven e iba jugar todo y estaba en su pa√≠s. En el Madrid no se lo aseguraban. Tiempo al tiempo.",Neutral
4db7a72e,@joosete10 @DjMaRiiO_90 @LordbzB Yo igual 5 semestre de ingenier√≠a :v 100% del barca y de messi jajajajaja no le ha dado ni a una,Neutral
9a9dff04,¬øEres fan√°tico #Messi? Carlos Erick Malpica Flores nos cuenta sobre la casa familiar con forma de bal√≥n de este crack https://t.co/mUKL8V79Zf https://t.co/8mYkkePKD2,Neutral
fb4b4445,@diarioas Hahaha los madridistas no lo quer√≠an antes en el Bar√ßa ahora en e psg que tiene q fichar por el madrid y si saliera Neymar a decir que el no quiere ir al madrid hahah todos estos mismos van a decir teatrero no lo queremos en el madrid üòÇüòÇüòÇHIPOCRITAS,Negative
6a6f62e7,"@saracsanchezp @victoramaya @infocracia Totalmente de acuerdo contigo. Cual sociedad civil? El mismo grupo de borregos apoyando a l√≠deres politicos que han entregado el pais. Como decian mis abuelos""la misma barca atravesando diferentes r√≠os""",Neutral
06d01b85,@ALEX15vs @FCBarcelona_es @FCBarcelona La √∫ltima moda en pijamas. üòÇ,Neutral
eccd648f,@FutSinC Eso parece el barca ya,Negative
dab2d48b,Bar√ßa y Espanyol luchan por adelantarse en el palmar√©s de la Supercopa de Catalunya https://t.co/6cdgsOlx8k,Neutral
2ae3e540,Hoy juega el barca so ese culito que le guste el f√∫tbol tambi√©n jaja https://t.co/Eo4j16FDa3,Positive
cc0cc5ad,"@partidazocope @RodrigoFaez Y el Puta Bar√ßa, puta Catalu√±a o Messi subnormal que ?
Eso si se puede cantar no ????
A la mierda co√±o !!!!!",Negative
988a3d0d,La mejor decisi√≥n del #Bar√ßa fue dejar salir a #Alv√©s al #PSG. Partido lamentable y lo que parece claro es que su siguiente paso ser√° #China para sacarle el m√°ximo rendimiento econ√≥mico a la recta final.,Negative
f80c9b6e,"Alberto, casi 17 a√±os, es del Atleti y me manda una foto poniendo hala madridüëè @AlbertM294",Neutral
04f21be3,"@AndresBlanco73 Una vez m√°s, pero Zidane lo prefiere, no conf√≠a en el que anot√≥ el gol que decidi√≥ la d√©cima, en el que dej√≥ a Bartra detenido en el tiempo para darle otra Copa del Rey al Madrid ante el Bar√ßa, en el que le dio el pase a la final de Milan con el √∫nico gol ante el Man City",Negative
829ca046,Roban en la tienda oficial del @Atleti empotrando un coche en el escaparate https://t.co/4rMzwlbqgq,Neutral
fbbec2a1,"@SpheraSports /// #Sp_Ask /// 
‚öΩÔ∏èKiko Narv√°ez @KikoNarvaez19
üó£Luis Aragones
‚úçüèªVicente Calder√≥n
üé´ Vicente Calder√≥n
üéΩ Atleti Puma a√±os 80",Neutral
da19a068,Mucho Bar√ßa y femenino. Como me gusta aprender cosas nuevas. Moltes gr√†cies.ü§© Entrevista a Jordi Mestre.üëâüèª https://t.co/BM1nBcf9wM https://t.co/MaLoOhoSGZ,Positive
0183d6d0,Please RT!! #atleti #atletico #ATM  Se espera buena entrada pero a√∫n hay 8.000 entradas disponibles https://t.co/4jJf3fFCYH https://t.co/cRMZVvsTZe,Neutral
32530eef,"@diablillocule14 @InvictosSomos Me queda claro que tienes retraso. Disfruta campe√≥n, los jugadores del barca son clase mundial y en ese tiempo, eran los mejores del mundo. Ve la diferencia ac√° uno acepta y reconoce y tu, pues act√∫as como el subnormak que eres ajjajaja jajajaj ‚Äúescoria blanca‚Äù deja de llorarü§£ü§£",Negative
9778b594,"Barcelona 1-0 Atl√©tico de Madrid| ""El Atleti ha desaprovechado una gran oportunidad"" | Diario AS https://t.co/oUM06DnEyL",Neutral
69c3ae50,@MadridSports_ @Jserranomarin @AlvaroBenitoV Este PSG es tan malo como el del a√±o pasado que el Bar√ßa le metio 6,Negative
27a4dea6,"No me gusta como juega, y no creo que futbol√≠sticamente tenga el nivel para el Bar√ßa, pero como deportista vale mucho m√°s que ""estrellas"" como Su√°rez. https://t.co/AaHv2syF2b",Neutral
cf93fa3e,@neymarjr Te has dado cuenta de que hace falta que te vayas estes tu para competir vente a la liga espa√±ola al equipo que mas te guste te querran y si irte del barsa era por ser el mejor era lo que el bar√ßa tenia en mente cuando terminara la era messi seria la neymar igual que pasocondinho,Neutral
8c38d318,"@tore_rito @gaspi19761 @FCBarcelona_es @realmadrid @Simeone @Atleti @manuelbriasbarr @Pepepasques @vanpiuroboros Co√±o....pues yo con el chino,y el jud√≠o,pensaba que √≠bamos aspirar a fichajes medios buenos.",Negative
bee621f4,"Vitolo, 28 a√±os, Con experiencia al m√°ximo nivel tanto nacional como internacional no juega tanto en el Atleti. Todo normal, debe adaptarse al atleti.. Ceballos, 21 a√±os, apenas una temporada al m√°ximo nivel, no juega tanto en el Madrid. Zidane cabr√≥n e injusto con el chaval...",Negative
3077ce23,"@ociregul @scastle1977 A m√≠ no me da verg√ºenza que sea del Atleti, me da verg√ºenza ajena √©l... Pobre diablo",Negative
8bfd4348,"No soy Madridista, le voy al Bar√ßa (ojo y no es que soy el maaaas futbolero), pero entre meses de an√°lisis y mi trabajo nuevo (que tiene una secci√≥n heavy de deportes) llegu√© a la conclusi√≥n (muy a mi pesar) de que si, Cristiano Ronaldo es el mejor jugador del mundo.",Positive
cb4a3ce3,@EstedeRacing No me digas que te ofendi√≥ mi comentario al bar√ßa üëÄüëÄüëÄ,Negative
82c341f1,El #FCBarcelona anuncia su llegada al mundo de los #eSports. #konami #eFootballPro  üéÆüéÆüéÆ https://t.co/lp1GgQ7RbE,Neutral
49d8c1af,"@jotajordi13 @Atleti Si fuesen vuestro √∫nico rival.. no recordar√≠as a nadie m√°s..  ¬øno?

Llev√°is varios a√±os tragando.. Y vais a tragar siempre..",Negative
7f29a04a,"@Jgsantosr Es cierto, s√≠. Tb hubo silencio en el Barca Atl√©tico",Neutral
4d058c72,"Se que este a√±o me va a ir mal porque en √©poca de parciales ni bola al estudio solo #Mundial y #Messi ,‚öΩÔ∏èüòç",Positive
1759e295,"Es la misma historia de siempre. Esta eliminatoria la hace el Bar√ßa y hoy loa medios abrir√≠an con la expulsi√≥n de Mbappe, el atraco de la ida, el gol de rebote de Busi y el rid√≠culo del PSG. Como ha sido el Madrid, se habla de exhibici√≥n y grandeza, aunque no hayan existido.",Negative
da2680ac,re imaginaria su liga aguante el BAR√áA hdp https://t.co/KuN22l7WUY,Neutral
8e745553,"Mierda! Ya tienen excusa para vender jugadores y no fichar a nadie.
@Atleti 
Hijos de puta https://t.co/QLimVFhUCV",Negative
2639509d,"@AS_Manolete En la Juve, estuvo de vacaciones, cedido por el Bar√ßa.",Neutral
13d2fa6d,@antimadridiota @_Moroncito_ Solo te falta decir que el Bar√ßa mereci√≥ ganar la Champions üòÇ,Negative
d145b5d8,"@a_ginola qualsevol que no sigui l'atletico a una final!!!! crec que el madrid esta a un nivell mental tant alt en aquesta competici√≥, que l'unic que el pot fer dubtar es el bar√ßa",Positive
7d048bf7,"@PasionReal12 T√∫ educaci√≥n es la t√≠pica de una 'persona' dif√≠cil de tratar, y los malos son los ultras del PSG.......... ah no soy ni del barca ni del Madrid, por suerte",Negative
153b25d0,Oye @neymarjr no dec√≠as que te fuiste del barca porque cre√≠as que en el psg estaban los mejores? Pues eliminados en octavos y encima pint√°ndole la cara a esos que decias que eran mejores es poesia,Negative
e04218a7,"Hace 17 a√±os, Messi por primera vez se puso la playera del Bar√ßa https://t.co/YQii2GPvuY",Neutral
84ad48df,@vrpcarrillo Jajaja pero contra su padre el Bar√ßa si no hace nada porque se caga al ver a Messi va jajajajaja,Negative
266c1c68,"Deportes Cuatro hoy y Maldini ayer dicen que la referencia y el jugador a seguir en el Lokomotiv de Mosc√∫ es Manuel Fern√°ndez. S√≠, ese por el que el #ValenciaCF pag√≥ 18 kilazos y le faltaban bolsillos en los pantalones. Visita ma√±ana al #Atleti",Neutral
f2339cff,"@treska33 Por favor, insultas mas a los cul√©s diciendo q el pedrerol el del Bar√ßa q diciendonos culerdos... todos sabemos q el veletrol es mas mandril q su florentineza",Neutral
412892f8,"#City, #Bar√ßa, #Juve o #Tottenham quedan en la lucha y desde luego el #Madrid no debe so√±ar con m√°s chollos como el #PSG y que ahora le tocar√° un aut√©ntico miura para ganar la #Champions.",Neutral
f179c9da,Ay Manolete... Alves se fue del Bar√ßa a la Juve y al a√±o siguiente al PSG... https://t.co/peZiAF7Evp,Neutral
0fa5d9db,@AlbertoCuellarr @AlbertortegaES2 Como va el Atleti del Cholo en la Liga 123?esta metido en zona de play-off  o merodea el descenso a Segunda B?,Negative
17dbc25c,@orgullo_capitan @2010MisterChip Villa cuenta como cul√©? La Euro la gan√≥ siendo del Valencia y el Mundial a√∫n no hab√≠a debutado con el Bar√ßa xd.,Neutral
a3dde401,¬°Me voy a ver un partidazo! ¬°Participa ahora con #F√∫tbolVipAppMiVodafone y gana 2 entradas VIP para el derbi entre el Real Madrid y el Atleti!  https://t.co/2kfjgOQz6J,Positive
43031e1f,Despu√©s de multar al #Bar√ßa por la exhibici√≥n pacifica de banderas... ¬øSe atrever√° la #UEFA a cerrar el Parque de los Pr√≠ncipes? https://t.co/XIdqUGUwve https://t.co/BGpLZIXSfF,Neutral
ac3fec71,"@mariaguilas Jaja ni yo, al rev√©s yo apoyo al f√∫tbol en general y al femenino en especial, yo he entendido sus quejas por el calendario que pone la liga, el lo suelta en plan, favorece a algunos y al Bar√ßa siempre es el desfavorecido. Un besito y ME DEBES UN T√â jajaj üòú",Positive
8205cf5e,Todo el mundo discutiendo por qu√© no deber√≠amos de ir (los hombres) a la huelga a favor de los derechos de la mujer de ma√±ana y yo con ganas de ir a ver ma√±ana el Atleti.,Negative
800ef301,"BOTA NEW BALANCE VISARO 2.0 MID LEVEL FG

Precio:47,95  -60% ANTES: 119'95 ‚Ç¨

üîµ Las puedes encontrar aqu√≠ &gt;&gt; https://t.co/5huDvQNpme

#futbol #new #realmadrid #fcbarcelona #barca #valencia #bilbao #coru√±a #leganes #canaria #laspalmas #malaga https://t.co/XLUAQzyv85",Neutral
0884693e,"@ALEX15vs @FCBarcelona_es @FCBarcelona Bueno enhorabuena ramos, ya eres oficialmente el cerdito del f√∫tbol espa√±ol, ha! y a nivel europeo! ahora toca ha nivel mundial! Animo cerdin!!!",Neutral
c1e3d448,https://t.co/6670JwUNwQ,Neutral
59e1444b,@AS_Manolete Ahora el PSG era un chollo????? Que pena dais. Chollo el que tiene el Bar√ßa con el Patetico como perseguidor. Anda y seguid jugando la Patetic League,Negative
02b69496,"@kevincd90 Casi todo, pero igual pas√≥ el domingo con el bar√ßa, tendemos a buscar la parte negativa en lugar de alabar lo positivo.",Neutral
27f368b8,Please RT!! #atleti #atletico #ATM  Inter de Mil√°n y Roma pujar√°n por el fichaje de Vrsaljko https://t.co/rvm270Y4Qy https://t.co/3Lat2Z2RQY,Neutral
6ec28282,@SirDave_ @babyidontneeddo @AstroAndaSuelto @As_TomasRoncero Y 2014? No hablemos de ayudas arbitrales que la famosa remonta del bar√ßa al psg telita co  2 penaltis que s√≥lo vio el √°rbitro y lo 6 penaltis que no pito obrevo en stamford bridge ah no espera que eso no cuenta no? C√°llate gilipollas!!!,Negative
8eb20de1,@kroosic @InvictosSomos Anillos √∫nicos nefastos sois la escoria blanca que de f√∫tbol s√≥lo saben robar jajajjajaja f√≠jate si dais pena que el √∫nico mundial que as visto lo tuvieron que ganar jugadores del Bar√ßa jajajjaja a as√≠ de penosos sois escoria,Negative
3e27f088,"@blasradio Para este Madrid, favorito como el que m√°s, independientemente de como vaya en liga, el peor rival posible es el Bar√ßa a doble partido (no a uno) y la falta de ant√≠doto para parar a Messi en el Bernab√©u. Ni en el mejor momento de Zidane (abril-mayo 2016), pudo hacerlo.",Neutral
d3895ef4,"El Bar√ßa fue a por Verratti y a por di Maria. Despu√©s de lo de ayer, menos mal que no cerraron nada",Positive
508fc062,@ESPNDatos @FCBarcelona En la historia del club y la liga....üòä,Positive
9ab4529c,@Alexmarko88 @ArielRizo11 Si no gan√≥ el bal√≥n de oro estando en el Bar√ßa que ya no espere ganarlo.,Neutral
f08710f2,@DerWolf1979 @faka_rey @oscarsangui Por eso digo...el Real y el Manchester tienen menos socios que el Barca y que varios...Pueden tener el mercado chino a favor eso si.,Neutral
c7c4ab17,"Hoy se cumplen 17 a√±os del debut de Lionel #Messi con el equipo juvenil del @FCBarcelona.

Ahora es el m√°ximo goleador en la historia del club. https://t.co/jHfEqmM5ok",Positive
bf1da538,"@diablillocule14 @InvictosSomos Jajajaja no te enojes campe√≥n, solo eres un aficionado m√°s -nefasto- del barca JAJAJJAJAJA en vez de reconocer , el buen f√∫tbol chaval, sigue enajenado Diablo Cule JAJAJAJA",Negative
5329f9a6,#UCL Al inicio de la competici√≥n intercambiaban posici√≥n en cuanto al valor de sus plantillas los dos equipos con m√°s presupuesto del mundo: @realmadrid y @FCBarcelona. El @PSG_inside era noveno.,Neutral
82d0a64a,"A 2 a√±os de su ida, despu√©s de echar al Bar√ßa de la Champions el a√±o pasado con partidazo y llegando a la final, tu valoraci√≥n es claramente objetivaüôÑ https://t.co/foOuz9o0oh",Negative
cd9cd974,@bet365_es Bar√ßa vs Madrid sin duda.,Neutral
29cfbf9a,"@ruben4roses_atm @imaetxega Iba por el personaje que retuiteas, pero el atleti en Gait√°nes, V√≠etos, Costas y eso no gasta. Mejor fijarse en CR y Bale que los ficharon hace...que en Asensio, Lucas, Carva y c√≠a. Lo t√≠pico vamos",Negative
31167ecf,"El problema no es que se clasifiquen, el problema es que lo haga sin un brillo especial y al d√≠a siguiente los principales medios del pa√≠s, los que marcan la opini√≥n de la masa, le dediquen m√°s elogios que al Bar√ßa en toda la temporada porque no juega ‚Äúbien‚Äù (invicto en Liga).",Negative
964c01eb,@marcmarquez93 @3gerardpique @SergiRoberto10 @JordiAlba @miguelruizfcb @SChecoPerez @FCBarcelona Si pag√°rais las deudas.....? Tendremos los Espa√±oles aseguradas las pensiones. Viva Espa√±a.,Negative
655e133f,@DValdearenas12 Soy del Bar√ßa pero eres un cu√±aooooooooo,Neutral
6d5a0088,"@JoseAngelOzil @PSG_espanol @FCBarcelona_es Yo soy antimadridista no anti psg, ni Neymar ni nada, hay que ir en contra del madrid para todo, tenga delante a quien tenga, Neymar lo dejo todo por el Bar√ßa sus a√±os aqui, decidio irse pues all√° el, es su problema pero es que por eso no voy a animar al Madrid, es que en la vida",Negative
e241600c,@Torren__ Y mientras tanto 3l Atleti jugando la Europa League,Neutral
d600a264,@davogarsa @gabrielviveros les contaras alg√∫n d√≠a a tus nietos que viviste la era de este fen√≥meno! #messi https://t.co/dMNTIeu0DI,Positive
be768dc1,@santicanizares O siempre que cada jugador del Bar√ßa no tape los nuevos huecos de la barrera que dejen los jugadores del Atl√©tico no?,Negative
34e4c66a,Fantasma en directo de @DjMaRiiO_90  con la camiseta del Bar√ßa :v https://t.co/jShim8Bplv,Negative
de330e02,"@jmdelalamo No me gusta el futbol, y el Bar√ßa tampoco. Pero pregunto: porque son todo hombres? No deber√≠a de haber equipos 50/50? Espera...y los LGTB? ...25/25/25/25? Espera....y animales? Vamos, no se...",Negative
314d06a6,"@ElGolazoDeGol Que os pasa?, el Madrid no tuvo ningun merito o que ? ,,,que hace un fan√°tico del bar√ßa valorando el partido ? , pandilla de cul√©s todos ...",Negative
c66248cc,Please RT!! #atleti #atletico #ATM  El Atl√©tico ?presenta? a Costa en Europa League para saldar su ?deuda? https://t.co/MRv8WnLf1z https://t.co/rqy0Jjk6oT,Neutral
f153e0d4,"Para ser del Bar√ßa @jpedrerol cuando √©ste gana nunca le dedicas mas de 5min en tu programa de ""periodismo deportivo"".. Ah! pero cuando pierde te frotas las manos para poner a parir a Messi #JUGONES",Negative
dfb7263b,Sesi√≥n preparatoria en la Ciudad Deportiva https://t.co/S2tQxMfzev  #bar√ßa #FCB #noticiasFCB https://t.co/dPqDhG58QB,Neutral
004b3736,@JJ_NG81 @blasradio Creo que el Bar√ßa es el peor rival posible para el Madrid a dos partidos. Pero dir√≠a que tambi√©n a uno lo es. ¬øPor qu√© crees que no?,Neutral
4e8356fd,"¬°Naci√≥n! ¬øQu√© hac√≠as en 2001?

Messi se pon√≠a la playera del @FCBarcelona por primera vez

üîµüî¥

https://t.co/hqJV4rsal6 https://t.co/YH93okp7pL",Positive
6e182e31,@adieelc ese cb desde que estaba en el Bar√ßa no sirve,Negative
149e2a3f,"@marcmarquez93 @3gerardpique @SergiRoberto10 @JordiAlba @miguelruizfcb @SChecoPerez @FCBarcelona Te puedes ir a tomar por culo. . As perdido todo mi respeto .yo te he respetado como catal√°n.!!Tu no, como Antimadridista",Negative
e34fea69,"#UCL En definitiva, que anoche se cumpli√≥ el pron√≥stico l√≥gico. Un equipo muy rico (no la historia) elimin√≥ a otro (-) rico. L√≥gica que por suerte no se cumple siempre, porque entonces todas las temporadas tendr√≠amos una final @realmadrid-@FCBarcelona.",Neutral
7d8682b7,( Atletico_md ) La brutal exhibici√≥n de Koke en el rondo del entrenamiento https://t.co/16wKDiElVd #Atleti,Positive
fed0a459,El t√©cnico de la Premier al que no le halaga sonar para el Bar√ßa #20m https://t.co/xmuVGPRzar,Neutral
bfcfc5d0,#dilesquesevayan @Atleti,Negative
879c9b53,"üö´ 'No me representan'

üáµüáπ ""No estuvo acertado, eso es cierto. Como no lo ha estado casi nunca en el a√±o y medio que lleva en ‚ÄòCan Bar√ßa‚Äô""

‚úçÔ∏è Sobre @aftgomes, por @SergioMerino8

üîóhttps://t.co/MLOFZiiIUn https://t.co/7hcMpSfCeo",Negative
b2811fc1,@tjcope El Bar√ßa que se ha quitado de medio un cruce con Neymar.,Neutral
b35fe823,"@SinHmc No voy a entrar en discusiones rid√≠culas de forofo...Est√° claro que el madrid ha gastado mucho dinero(no es un equipillo,se lo ha ganado)porque a mi lo q me gusta es el F√öTBOL,y reconozco cuando un equipo es bueno y juega bien(no me oiras decir a mi q el Bar√ßa de Pep era malo...)",Neutral
a954d856,Robo de 180 minutos cuando busca la palabra robo su sin√≥nimo es el # Barca https://t.co/9oPnpjbObH,Negative
8e9b2e58,"Mira que soy del Bar√ßa pero es que ayer disfrut√© como un perro de la eliminaci√≥n del PSG, todo lo malo que le pase a ese equipo es poco",Negative
f41d1658,Que suerte tienen los pierdas del real Madrid. Ojal√° les elimine alg√∫n equipo malo. Ganan al psg y empatan contra equipos mal√≠simos. @Atleti contigo hasta la muerte.@AntoGriezmann mejor jugador del mundo.,Negative
cc45b369,@LeoKawsar10 @SPN_Football Barca,Neutral
2de2d8cc,@AndresValenzGT jajaja cabal yo le voy al bar√ßa y juegan hasta la otra semana,Positive
132500d9,"EN VIVO: ""En la Barca de Pedro"", por la #933FM, sintonizarlo todos los mi√©rcoles de 11:00am a‚Ä¶ https://t.co/1Qfmjbxm52",Neutral
17eddefa,@bet365_es Bar√ßa-Madrid y que ganase el Bar√ßa obviamente,Positive
1593da25,"Ya Dani Alves ve al Madrid y se caga encima el cabron, se lo ha clavao en el Bar√ßa, en la Juve y ahora en el PSG üòÅ",Neutral
6f80cf5e,El Real Madrid recibir√° un nuevo escarmiento con la salida de Lucas Digne del FC Barcelona https://t.co/iwBkHhGRcK #barcelona https://t.co/LmHYqNxPwx,Negative
588944c3,"@imaetxega @AGUSRBB86 El atleti ese equipo de pueblo que se ha gastado 200 millones en un nuevo estadio, anda dejad a los mejores en champions cracks.",Negative
0638fa70,Please RT!! #barcelona #fcbarcelona #Barca #fcb    El FC Barcelona tiene un negocio redondo entre... https://t.co/PrHGWa1tQZ https://t.co/CaaykohFMn,Neutral
b4be9c49,"Me preparo el Curso de Socorrista Acu√°tico de la Cruz Roja. Aprendemos desde primeros auxilios, manipulaci√≥n DESA, hasta salvamento en medio acu√°tico tanto en piscina como en playa y barca/lancha. Acabo el 7 de mayo, por si hay alg√∫n establecimiento que necesiten.
Muchas gracias",Positive
1c548173,"V√≠ctor Claver, gust√°ndose: El ala-p√≠vot del Bar√ßa Lassa encuentra el camino libre hacia el aro y machaca pl√°sticamente a una mano https://t.co/UCojKnj0qR",Neutral
ec27714d,Hace 17 a√±os el mejor jugador del mundo hace su debut con √©l Barca infantil. Grande Messi!!!,Positive
1c8d0196,Piqu√© deja la nota positiva de la semana para Ernesto Valverde https://t.co/3wd23cP7Z8  #fcb #fcblive #barca https://t.co/NT9sbYQolX,Positive
484c6a70,(AS) Estrellan un coche en la tienda del Wanda y la desvalijan https://t.co/5lAanuvOYd #Atleti,Neutral
d56a9db2,17 a√±os del debut de Messi con las categor√≠as inferiores del Bar√ßa. Todo empez√≥ ah√≠ https://t.co/7m1rE3dnSK,Neutral
ec57d05b,"@sport Es en serio esto?  Hay que analizar un partido del Barsa sin Messi y uno del Madrid sin Cristiano,  el Madrid seguro funciona, el Barca se estanca.",Negative
e39c16ba,"@McNulty_RM Periodista del Atleti, normal que defienda la grada.",Neutral
a0170334,@DValdearenas12 Estamos pa hablar los del Bar√ßa majete,Neutral
855b4c6b,"@MadridistaDeBie @Alexmarko88 Parace chiste pero es la verdad, eso se lo recriminaba la gente del Barca y a√∫n hoy en Paris.",Neutral
9f06bf20,Iniesta inicia su plan en la Ciutat Esportiva para llegar al Bar√ßa-Chelsea https://t.co/aC8MCrPQMC,Neutral
c3b7a200,El Bar√ßa Lassa deja casi vac√≠a la enfermer√≠a https://t.co/3fv3gD3NJw,Neutral
3525f290,McGuane podr√≠a debutar con el Bar√ßa y convertirse en el segundo ingl√©s‚Ä¶ https://t.co/bIc2SHJ3xp Ver:... https://t.co/Ulab75W51I,Neutral
2325cf92,"@inakialvarez @realmadrid Nenas, que festejen cuando alcancen al bar√ßa en la liga mi pr√≠ncipe, ya casi nos alcanzan",Negative
3da5c876,"@MarielyJv @VenezuelaCule @LuisOmarTapia Al final el City de Hoy nombre por nombre no es Bar√ßa de la √©poca de Pep, es un equipo discreto en nombres que ha estado jugando muy bien en conjunto. La locura del mercado es la q hace ver esa nomina as√≠, a parte q se busco excelentes suplentes.",Neutral
973fb826,"@victorgarciacr @GolDeGodin_ No has entendido a lo que me refiero, el madrid tiene dinero al igual que el Bar√ßa por el prestigio que se han ganado durante los a√±os ganando y junto con las buenas gestiones. Por eso est√° empezando a tener bastante dinero el atl√©ti ... cuanto m√°s ganas m√°s se invierte en ti",Neutral
0f7c30ce,"@AlfonsoSurezLpe @VictorLavinDPaz No conozco a nadie que sea del Bar√ßa y est√© m√°s pendiente, vea m√°s partidos y escriba y opine tanto del Madrid como t√∫! Digno de estudio!!! ü§™üòúü§™üòúü§™üòú Ahora el PSG es una ‚Äúbanda‚Äù? üò±",Neutral
787a229c,@mamuelito198486 Ah y seg√∫n vos ama al Madrid pero se va al Bar√ßa y al PSG antes. Muy l√≥gico üòÇ,Negative
61660008,"@elGoldenGallo Este perro solo tiene 10 goles en liga, tres m√°s que Paulinho que juega los √∫ltimos 20' de cada juego del Bar√ßa.

No mames, Manuel.",Negative
ba667332,"@Alex_Torres_15 @FCBarcelona Si te fijas, es el 2¬∫ equipo q m√°s balones recupera en campo contrario (solo por detr√°s del Eibar). Presiona en bloque alto. Todos los equipos recuperan un mayor n√∫mero de balones en su campo",Neutral
539e1153,"#DebateHDF
Real Madrid ed un pecho fr√≠o, cuando lo agarre el barcelona lo elimina de la champions, aguante el barca que tiene al mejor jugador del mundo, saludos desde uruguay, punta del este.",Neutral
4a5ab40e,Buah a mi me encantar√≠a que el Bar√ßa fuera el rival que nos tocara para los cuartos la follada va a ser peque√±a y si Juancar ya me puedes dar me gusta que te vas a enterar reza REZA para que no le toque el Bar√ßa al Madrid @juancarcalles,Neutral
4a7bd865,"Boca pap√°, s√≥lo river pierde con el barca https://t.co/M5RLObjhps",Neutral
35e4c064,"Sobre el Lokomotiv, c√≥mo llega a la eliminatoria contra el Atleti y toda la vuelta del f√∫tbol a Rusia hablo en mi columna en @ug_football.

https://t.co/SrhezZaXKM",Neutral
ea7762df,"@SpheraSports ‚öΩÔ∏è David Villa
üó£ Pep Guardiola
‚úçÔ∏è Dimitri Piterman
üé´ El Molinon
üéΩ Bar√ßa",Neutral
bbc061c3,"@FCBarcelona Tant catalans que dieu que sou!! Haur√≠eu de ser els primers en donar prestigi a la #SupercopaCAT jugant-la amb jugadors del primer equip. Sin√≥ la voleu jugar, que la jugui el @GironaFC visca #rcde i visca #republicacatalana https://t.co/p76DZUQZnR",Neutral
0e9eb9ce,"@abc_es Eso ha sido obra del D√∫o que dirige al @atleti, al ver el fracaso en las ventas de las camisetas con el logo",Negative
6b2b37dc,La 'rajada' de un ex objetivo del Bar√ßa sobre Emery y el jeque https://t.co/wBKn3UVrFd  #fcb #fcblive #barca https://t.co/CxEQh0CzEA,Negative
21ecc7a9,El Bar√ßa Lassa deja casi vac√≠a la enfermer√≠a https://t.co/e8P1mOOJsQ https://t.co/LBbO0DaQog,Neutral
899d4dc0,"@2010MisterChip El fanatismo extremo no les permite disfrutar de lo bello del futbol. Soy del Madrid y apoyo a Cristiano y no dejo de dar gracias por la oportunidad de ver a Messi jugar. No soporto al Barca, pero Dios como juegan. Una bella √©poca en el futbol sobre todo el Espa√±ol",Positive
d65103b5,LAS PORTADAS DE HOY https://t.co/ZQtynODZRd,Neutral
bb536310,"@DiegoACarranza7 Le encanta la fiesta, p√≥ker, IG y su hermana... Les dar√° m√°s dolores de cabeza. A mi, personalmente me hizo rabiar m√°s de lo que sent√≠ que di√≥ al Bar√ßa. 1 a√±o bueno de 4.",Negative
67cfb859,"@Aitor_Cachon @imaetxega Bar√ßa o Barcelona, por favor. Gracias.",Neutral
a49afd50,En @ecdeportes: Juanma L√≥pez: de vender cazadoras en la cantera del Atleti a comprar el Recre por 1‚Ç¨ https://t.co/5fQlvvTqIP,Neutral
421bb4c8,"Hace 17 a√±os, Messi por primera vez se puso la Bar√ßa - ESPN https://t.co/WsIFpdCxg1",Neutral
9b82b6ab,@LuisOmarTapia El t√©cnico de f√∫tbol actual... no es una excusa es la realidad.. al Barca lo hacen jugar el jueves vuelo 4 horas y juega el domingo... no son robots son humanos,Negative
abbfb17f,"Candidatos a ganar la UCL 17-18 (07/03/18)

1¬∫ Real Madrid, City, Bar√ßa
2¬∫ Tottenham, Bayern
3¬∫ United, Liverpool",Neutral
ab1772b9,"Esto del f√∫tbol es as√≠, te suben y bajan a la vez, seg√∫n sople el viento y de 0 a a100 de un cohete espacial, decir fiasco a Emery, por perder contra dos equipitos...como Bar√ßa y Madrid, con el primero, la vuelta.....y contra el RM no ten√≠a a su m√°xima estrella..@amaliomoratalla",Neutral
dd705f2b,MERCADO | Los tres jugadores del Bar√ßa que Mourinho pretende fichar en verano - https://t.co/neJanOZYMP https://t.co/KPZGQT2pAu,Neutral
4db749f9,"#Deportes Hace 17 a√±os, Messi por primera vez se puso la Bar√ßa - ESPN https://t.co/tR5WtyWNXf https://t.co/6FeyBj2mHu",Positive
65b9fa58,"@Toninozzr @jg_dominguez Como todo demagogo, mezcla valores y pol√≠tica. No ser√° Ud del Bar√ßa por casualidad?",Negative
9b78b74f,@realmadrid Celebren ahorita por q cuando los agarre el Bar√ßa no lo podr√°n hacer jajajajajajaja,Neutral
c32f0198,"@natxinho @LgangLGang No tienes fe ni nada, en el momento que un club junta todo lo que ha juntado el barcelona lo menos que se puede hablar es de robos al madrid, cuando viendo la eliminatoria de hace un a√±o el arbitro favorecio al barca contra el psg, tambien pas√≥ con el chelsea, que mas quereis?",Neutral
a245b96d,AS - Los jugadores del Bar√ßa confiaban en el pase a cuartos del Real Madrid https://t.co/VN70wUITqh,Neutral
b0e5ffac,"DIOS MIO, eres de los puntos mios. Bar√ßa y Liverpool. FOLLOW @SirLiverbird",Neutral
f45f4a4e,"Los cuartos de final de esta champions van a estar bellos, tengo 4 opcionados al t√≠tulo Bar√ßa, Madrid, Bayern y City, pero ojo con Tottenham y Liverpool",Positive
64088330,"S√∫be que te llevo .
qui√©n maneja mi barca...
Que a la deriva me lleva .. en Playa El Palmar https://t.co/6MZ3JhmGBe",Neutral
80e551b5,@joansubi3J Dime un partido bueno de Asensio???? Quitado el del Bar√ßa de la s√∫percopa.... para 3 partidos al a√±o ya ten√≠an a Ozil y mira donde acab√≥... blfffff,Negative
4ac58654,"@AS_Manolete En el anterior sorteo de Champions, el chollo del #PSG era el que quer√≠as para el #Atleti, no?",Negative
506640d9,"@LuisOmarTapia Algunos lo ponen como el mejor DT de la historia y para m√≠ est√° lejos. Que ""invento"" el Tiki Taka, falso.
El Bar√ßa se le cay√≥ al final.
Fracaso en Munich. (Ganar liga y Copa es normal)
Nada con el City en la 1a. temporada (Conte campe√≥n). 
Medianito el Pep...",Negative
f071b6f1,"@FCBarcelona Hola, ¬øser√≠a posible saber cu√°ndo estar√°n a la venta las entradas de Bar√ßa-Chelsea? Gracias",Neutral
987d8c86,"@Corredera7 Juegues donde juegues, lo vas a hacer de lujo, el rayo del Atleti F√©minas!",Positive
654d05dc,"Please RT!! #barcelona #fcbarcelona #Barca #fcb    M√°rquez: ?Viendo el vestuario del Bar√ßa, lo entiendes.. https://t.co/nxblwP9y94 https://t.co/jBANSszGa1",Positive
1d6504c7,@FCBarcelona cuiden a Messi la puta que los pario!,Negative
a63ff681,#barcelona #visca El Bar√ßa Lassa deja casi vac√≠a la enfermer√≠a https://t.co/Rpz1VHd8wJ https://t.co/zg18b6raOY,Neutral
312738ee,#Atleti #colchonero Estrellan un coche en la tienda del Wanda y la desvalijan https://t.co/e0j3jNEMAu,Neutral
59ad8190,"@J0merJS1mps0n @sport Correcto, para empezar el d√≠a que se vayan los dos....volver√°n a tener oportunidades de ganar la liga de verdad Valencia y Sevilla (Atleti por supuesto, pero como con el cholo ha estado siempre ah√≠...otra cosa ser√° cuando se vaya)",Neutral
61110555,@eSports_Barca @LitLegend_77,Neutral
0726a879,No hab√≠a ca√≠do en cuenta pero el Bar√ßa est√° cerca de ganar su 7ma liga de las √∫ltimas 10. 7 ligas de 10. El dominio en Espa√±a del Bar√ßa de esta generaci√≥n es arrollador..,Positive
0adb5dba,LO QUIERE FUERA https://t.co/AnRgAgianZ,Negative
7d2e820f,"@marcmarquez93 @3gerardpique @SergiRoberto10 @JordiAlba @miguelruizfcb @SChecoPerez @FCBarcelona ,Tendr√© que recuperar todas  mis horas de sue√±o,que he perdido por un Catal√°n Anti. Espa√±ol.
T√∫ tambi√©n eres del lazo amarillo.üòû? Ufffff . ojal√° os dieran  la independencia. Pero primero pagar lo que deb√©is.",Negative
99ac6c6a,@carlosadar0GD @456_joshua @elchiringuitotv En Champions como nos toque con el bar√ßa lo eliminamos,Positive
279e1438,"@Giovannifxf @pilotaipunt Qu√© verg√ºenza,solo medio metro tioooo,somos el Bar√ßa y podemos poner la varrera donde queramos tioo",Negative
fdc7f7d4,"@ferpulpillo Tal vez estos equipos habr√≠an podido ponerles en apuros de otra forma, por su juego, pero Madrid o Bar√ßa les han petrificado por su presencia. Este PSG ha competido bien ante equipos como Chelsea. Ante el Madrid el miedo en el centro del campo era visible, nadie arriesgaba",Neutral
2071cf69,"Tengo la impresi√≥n, y a las pruebas me remito, que para este Madrid, el peor rival posible en CL es el Bar√ßa y el nivel superlativo que alcanzan Messi o Piqu√©, muy superiores a su par, en el Bernab√©u. Por eso, abogo, si cae el Chelsea, por un cl√°sico en cuartos.",Neutral
f7f97a75,"Si os llam√°is DEPORTES CUATRO, es para que habl√©is de todos los deportes, no que el programa dura 45 min y 30 min son del Madrid o Bar√ßa. Hay m√°s deportes adem√°s del f√∫tbol. Sino, llamaros F√∫tbol Cuatro. Imb√©ciles @DeportesCuatro",Negative
b08d3451,@2010MisterChip Pero si el Madrid se topa al bar√ßa con el mejor Messi no tendr√≠an nada que hacer.,Neutral
9a2ca3aa,"@LuisOmarTapia Pandita todos gastan igual no?Si mas  el city pero Mou?  El barca ahorita.  En su momento Bale?Ney?  
Calma tu no eres como la dem√°s prensa",Negative
0b65d9d6,"@IPradio Acaba de perder con Argentinos, empat√≥ con Alianza Lima pero podr√≠a ser CAMPE√ìN Y SUPERAR AL BARCA, LA JUVE Y EL MAN U. Todo muy tranquilo.",Positive
1deb9600,"üéôÔ∏èPhilippe Montanier: ""Demb√©l√© no tiene problemas para soportar la presi√≥n pero hay que darle tiempo para que se adapte al f√∫tbol que juega el Bar√ßa"".
‚ñ∂Ô∏èhttps://t.co/ZdznxGn1GD https://t.co/BpSa3J5qb5",Neutral
8a0b77db,Ponen al city como candidato a ganar la champions y yo veo antes al Bar√ßa o al Madrid antes que a esos,Neutral
11940e1f,"@Los50Atleti Se√±ores de @Wikipedia y de la #Rae si alguna vez deciden hacer un diccionario en el que se definan las palabras con una sola imagen, incluyan la foto de este se√±or en la de LEYENDA, ya que en la actualidad su uso esta desfigurado.
Grande Jorge Alberto de Mendon¬¢a
#atleti",Positive
b418d4dc,Luis Su√°rez advierte: la oferta que saca a un intocable del Bar√ßa en verano https://t.co/thbaqV1yAj,Positive
590965b8,"@ImanolStar95 @SaLviTa07 @Cohete_SUAREZ Aqui hay gente que raja del atleti, el problema es cuando se raja de mas, con chuleria y prepotencia y sin ser del equipo, ahi si se larga. Saludos. https://t.co/pzswQJlEx8",Negative
2b7521b7,Alguien sabe si el partido  del bar√ßa de hoy lo hacer por otro canal aparte de TV3 ? gracias,Neutral
97cfe823,"Hoy el #RCDE juega la SuperCopa Catalunya. Esta es la cuarta edici√≥n, la tercera que se juega, ya que la primera, el equipo catal√°n, el @FCBarcelona no quiso jugarla con el primer equipo y se suspendi√≥. 
Hoy vuelven a ir con el filial, siguen ninguneando.
https://t.co/sksgpzkWQT",Negative
c1416690,"Al final ser√† materialment impossible estar d‚Äôacord en res amb aquesta dona........Ah no, que √©s del Bar√ßa com jo, per√≤ segur que a ella li agrada com juga Andr√© Gomes üôÉ https://t.co/WhmmelmAy4",Neutral
137571d2,"... para no cagarse encima. 
""El Madrid est√° a 17 puntos del l√≠der, eliminado de Copa del Rey contra el Legan√©s... pero holle, que el Atleti tiene chanchullos al bender ha Carascco y ha Gait√°n a un club chino, y puta Legan√©s"". Es que es pat√©tico, joder...",Negative
16c4b8f7,"@DiegoACarranza7 FloPer sabe que el Madrid tiene que renovarse y este a√±o si el Madrid no gana la CL es un fracaso. A√±o en blanco con esta generaci√≥n es malo, no, mal√≠simo. Reventar√° el mercado con Ney y Neymar, lo he dicho mil veces y desde que estaba en el Bar√ßa, es un pufo con mucho marketing.",Negative
df0fe972,Siguen cansinos los de la caverna y sus seguidores con l golazo de #Messi..!!üò•üò•üò¨üò¨,Negative
a129f5fe,"@jorgeshrug El bar√ßa siempre ha fichado caro y batido records (Maradona, Ronaldo etc) esto es normal cuando hay que revolucionar una plantilla. Lo que yo critico es haber destrozado la cantera y los Digne por 20, Gomes por 50 etc.",Negative
a3ea7e6d,"@memedeportes Para que eso se cumpla, tiene que jugar en el Bar√ßa primero",Neutral
ebd04af4,"@SaLviTa07 @KaaWaa_ @Cohete_SUAREZ Tu contrato durar√° lo que aguantes sin rajar del Atleti. Suerte
Grandessss @KaaWaa_ @SaLviTa07",Neutral
c3b68fb6,"@Gemahurtado_ @realmadrid @xavimartinez Porque es del barca nuestro querido Xavi üòÇüòÇüòÇ.
Me alegro q se equivocara üòÇüòÇ",Neutral
0a7482f2,@BodegaAteneo @jordiabogado @hjimenezj @Anfersantos Ya sabes. Ahora el PSG es un tru√±o. Hace 3 meses era el nuevo Bar√ßa. Como con los Manchester los √∫ltimos a√±os.,Negative
dc6f9c13,"@jpmoreno83 @libertaddigital Y lo mismo hicimos m√°s de la mitad del resto de Espa√±a, los que somos del Bar√ßa  del Atl√©tico  del Athletic  de la Real del Valencia.    Es algo l√≥gico. Al rev√©s pasar√≠a igual.",Neutral
c665f8b1,"Con este Atleti, este Sevilla y la competitividad de equipos como Eibar, Girona o Getafe, Emery no acaba ni octavo.",Negative
e2a985e6,"@SpheraSports ‚öΩÔ∏èLionel Messi
üó£Guardiola
‚úçüèª Agust√≠n Lendoiro
üé´ La Catedral de San Mames 
üéΩ La Centenaria del Barca.",Neutral
f3cddd34,"@DiogenesAcosta Te esta afectando ver a @jj_villeda todos los d√≠as , te est√°s enfermando ...vac√∫nate pero YA ! Desperta de ese sue√±o...Visca Barca",Negative
b619f9d9,"Me pregunto pq en @JugoneslaSexta, @jpedrerol no habla de q el PSG sali√≥ sin tensi√≥n , sin ganas etc...y dicen q fue el Madrid el q no los dej√≥,en cambio, el Domingo critican al Atl√©tico por lo mismo q hizo el PSG pero no alaban al Bar√ßa por no dejarles jugar",Negative
2c0f9646,√âchenos al que sea ... ojal√° seas t√∫ puto city o al maricon del bar√ßa https://t.co/2LVVbOgHnx,Negative
ebaa0c1d,"@sebastiiaanalv @100mill_de_seg @Bre4KPointX13 @InvictosSomos Es f√°cil decir que s√≥lo se concentran en champions. Eso antes lo que demuestra es incapacidad de tener seriedad ante las tres competiciones al tiempo. 
El Bar√ßa, el bayern piensan siempre en ganar las 3 cosas. Es filosof√≠a de vida.",Neutral
1d15478f,"Sin embargo el balance de Ligas va ser 3-1 para el Bar√ßa, el torneo de la regularidad donde pesa m√°s la plantilla que en Champions

Pero para poder seguir con la cr√≠tica, asumiendo el discurso de que solo cuenta la Champions

Pd: es s√∫per responsable Paulinho de esos 4 a√±os s√≠ https://t.co/Bya3SxLjmj",Negative
095f8bf3,Oportunidad para Yerry Mina: Jugar√° como titular del Bar√ßa ma√±ana https://t.co/9nGd3ujEUj,Neutral
f2ff6479,"@EsportsRAC1 Jo crec que seran campions, no tenen rival a Europa el Bar√ßa no t√© res a fer contra el Reial Madrid.",Neutral
e3dcf4f7,"Nuestra prensa en lugar de ser la prensa del Bar√ßa, es la del PSG y el  Real Madrid, incre√≠ble, que les den por viento a los dos equipos y que  les vaya lo peor posible",Negative
11712a26,"@Generaldepie_ F√°cil,muy f√°cil
T√∫,qu√≠tale al Bar√ßa a Leo Mesi
Qu√≠tale a Neymar al PSG......
Y los binomios de la cuarta fracci√≥n de la suma de sus comandos es equilibrante,o sea,
Igual de igual de lo mismo
Ala.....me he quedao a gustoüòÇ",Neutral
6122ccb4,@MisterSeitan A veces las cosas no se dan porque as√≠ es. Es posible que ni Gomes ni Suarez son para el Barca. Les queda muy grande la camiseta. Son para equipos de menos categor√≠a donde existe menos presi√≥n para ellos como el Valencia y el Sevilla.,Negative
0ced130b,"@FOXSportsArg Disculpen ... pero esto se ve que es bien rioplatense, por no decir argentino ... Boca 30 % ? Con todo el respeto que me merece Boca, estan 3 goles abajo de la Juve ... y no quiero pensar cuantos abajo del Barca y el City !!!",Neutral
b8ca8387,"@EfrainMoises17 @lparbitrofutbol @Trigueros17 No se han quejado siempre, eh! Ha sido esta semana puntual, por lo menos en el caso del @FCBarcelona_es. Si hubiera ido el @Atleti, el Cholo hubiera dicho lo mismo. Tendr√≠as que preguntarle a Trigueros por qu√© lo dice y no es el √∫nico. Un saludo.",Neutral
b3ff93a8,A tragar que √©s el Bar√ßa. Molt b√© @FCF_CAT @andreusubies! https://t.co/zEpOjDCIMh,Positive
ce470782,"El Bar√ßa elimin√≥ al PSG remontando un (4-0, nunca visto en la historia) por el √°rbitro. El Madrid elimina al PSG por la m√≠stica, el ADN y su orgullo. Los mismos que han ganado por 1gol en el 93 y otra a penaltis. 
Griezzman fall√≥ el penalti y Vidal el suyo por el ADN blanco üòÇüòÇ",Negative
aa9fa1ea,"#UCL Pero s√≠ se cumple esa l√≥gica, cada vez con mayor frecuencia, cuando las √∫ltimas cuatro temporadas s√≥lo la ganan @realmadrid y/o @FCBarcelona. Extensible a seis de los √∫ltimos diez t√≠tulos.",Neutral
b2ac7deb,"Ese que se permite a hablarle con desd√©n a un aficionado de verdad, del equipo de su ciudad, que huele el c√©sped de su estadio cada finde junto a su gente, porque ""su"" Madrid o ""su"" Barca ganan siempre.",Negative
6ec084a4,H√©ctor Beller√≠n quiere fichar por el Bar√ßa | Mercafutbol - Noticias de rumores y fichajes de f√∫tbol https://t.co/fnZA2jbtX0,Neutral
9c56f145,"Se cumplen 1‚É£7‚É£ a√±os de que #Messi se vistiera por primera vez de azulgrana.
#Bar√ßa
üì∏v√≠a @brfootball https://t.co/DnxOQJnhbB",Neutral
057eb8df,"@LuisOmarTapia @IkerCasillas @ChampionsLeague el casillas que siempre sal√≠a goleado por el Bar√ßa, de eso no te acuerdas pinche canoso",Negative
8b8c5ea1,@lluisizquierdo Para que luego quit√©is m√©ritos al Atleti del Cholo lo que ha hecho estos a√±os,Positive
ae6284de,@bet365_es Un Madrid vs Bar√ßa pero este a√±o los dos equipos que tienen mejor pinta son Manchester City y Bar√ßa,Neutral
b564854a,@Atleti https://t.co/LdR9whIDWD,Neutral
dbf2229e,"@DiegoACarranza7 Y si tienes toda la raz√≥n ni el mejor Bar√ßa pudo, pero ese Bar√ßa le daba 10 vueltas al Madrid de la 2016... Ves como son las cosas... Al final no importa si son seguidas o no, al final es la cantidad que se ganan. Habr√° que ver c√≥mo termina esta generaci√≥n y te digo algo...",Neutral
01bf8028,"@Batistuta12 @lparbitrofutbol @Trigueros17 @FCBarcelona_es @Atleti M√°s motivo, se quejan esta semana solo porque empataron, y Trigueros aprovecho que lo dijese Busquets para decirlo tambi√©n. Nunca se quejan, ¬øa que viene eso ahora? Por eso digo que no es que vivamos en islas desde hace ayer y les fastidie hoy porque si.",Negative
4b793556,@garcia_nick85 Haha el Barca la va a ganar obviamente ‚ù§Ô∏è ‚ÄúGana el que tiene a Messi‚Äù,Positive
a7ab3ff6,Gerard Piqu√© confirma la primera fuga sonada del Bar√ßa: est√° fuera https://t.co/coDRPeKc45,Negative
275e6bbd,"una opini√≥n deja de ser una opini√≥n cuando, oprime/ofende a una persona o a un colectivo hostia, una opini√≥n es decir que para ti el Bar√ßa es mejor que el Madrid no decir que los homosexuales no son normales, que sois gilipollas y no es una opini√≥n es una afirmaci√≥n.",Negative
02ebe878,@rafapuente_espn si se encuentra al Bar√ßa hasta ah√≠ llega... saludos rafa,Neutral
63b628f4,@GolCaracol Quer√≠a ser el mejor te fuites del barca ahora tienes q esperar otra champions para ver si te las puedes ganar o si ganas el mundial y le veo dif√≠cil,Negative
792f042d,"@_SentimentCule No hay que confiarse nunca con ellos por muy mal que estean, pero yo creo que hay varios equipos que lo pueden eliminar a parte del Bar√ßa, c√≥mo por ejemplo Bayern o City",Neutral
52510c94,Hoy se cumplen 17 a√±os del debut de Lionel Messi en el Barcelona B. La historia a√∫n no termina... üá¶üá∑‚öΩüîùüá™üá∏ #LionelMessi #FCBarcelona https://t.co/nQwgXtzEms,Positive
7de68504,El 14 todos viendo el supercl√°sico. Yo el 14 voy a ver al Bar√ßa ‚öΩü§ô,Positive
f07bfa5e,Igual que el Madrid al PSG el Chelsea manda al Bar√ßa el Chelsea manda al Bar√ßa el Chelsea manda al Bar√ßa al carrer,Neutral
ca69933d,"Aquest vespre qui tindr√† minuts √©s Demb√©l√©.
De la situaci√≥ que viu al Bar√ßa en parlem amb Philippe Montanier, entrenador del franc√®s al Stade Rennes: ""Hay que tener paciencia con √©l porque es muy joven y ha estado lesionado"".
‚ñ∂Ô∏èhttps://t.co/ZdznxGn1GD https://t.co/uF0S04qwnW",Neutral
ac9e7d8a,Y os lo dice alguien que quiere ver a Andr√© Gomes lejos del Bar√ßa lo antes posible,Negative
df4979ef,@mauriciopedroza el travesti cuando juega contra el Bar√ßa se arruga y Messi lo deja de rodillas,Negative
4060db0a,Las redes estallan contra @DaniAlvesD2 por una frase sobre el @PSG_inside https://t.co/m6xizliuy8 #FCBLive #FCB #Barca #UCL https://t.co/eKbSnNwnrr,Neutral
d9fee5a0,@VictorJ_13 Esa foto la subieron cuando el Bar√ßa perdi√≥ la Supercopa de Espa√±a üôÑ Ahora calladitos como putas üòÇü§£,Negative
5826048d,@_SentimentCule Lamentable.Debemos estar orgullosos de nuestro barca que suda la camiseta toda la temporada en todas las competiciones.Grandes.,Positive
557d37e6,"@isconic Lets face Barca in quarters 
City in Semis
Bayern in finals
And when we lift the trophy no one dares doubt us again",Positive
84f44fff,"@wahou_wahou64 @jg_dominguez Soy m√°s de motos... pero si, del bar√ßa. Usted camina mucho por mis tierras? Hoy me he cruzado con 17 cr√≠os en pocos minutos. S√≥lo una se expresaba en catal√°n, de verdad cree que est√° en peligro el castellano con la inmersi√≥n?",Neutral
273c86fc,"@diablillocule14 @InvictosSomos Hablamos de Cristiano, no? Y si hablamos de robos mira bien los del barca, cuanto se tardaron en marcarles penal? Expulsiones? Hablamos de Cristiano campe√≥n, ah√≠ solo sale dos veces NAJAJJAJAJA si dices que todos regalados",Negative
4451c606,"@AS_Manolete Usted habla de City, Bar√ßa, Juve o Tottenham que todav√≠a no han conseguido su pase, y su soberbia considera que van a pasar los 4, que osado, usted es anti-madridista y eso es una enfermedad.",Negative
ce888a4a,"@Atleti_Co Joder menos mal, porque no tiene historia de copas pagadas",Positive
84ce6118,@ViejaEuropa1 Y el bar√ßa sin Neymar?,Neutral
e8e0f7fe,"@JeffersonF_10 no jugar√° ma√±ana ante el @Atleti por los octavos de final de la #EuropaLeague, por seguir con su lesi√≥n que contrajo ante Niza en los dieciseisavos del torneo europeo.
V√≠a: @franztamayo29 
@EntrePortadasEP",Neutral
fd86df76,HORARIOS MUNDIALES para el partido de HOY entre el Bar√ßa y el Espanyol en la final de la Supercopa de Catalu√±a 2018 https://t.co/RLg8CTBHP9 https://t.co/I7dFv2sx8U,Neutral
2b755560,@DarkQuality @Ramon_AlvarezM @FranEterno7 Sisi estoy de acuerdo si yo prefiero a case ademas busquets cuando presionan al barca y lo hacen de correr sufre mucho,Positive
65327268,"@AS_Manolete @lolitolama Manolete, a ver si te das cuenta que el √∫nico chollo que ha habido y habr√° en la champions es el Atl√©ti...... En Europa no sirve ni pa tacos de escopeta",Negative
ab02d098,"@HectorBellerin no estar√≠a a gusto en el @Arsenal. ¬øOportunidad para el @FCBarcelona?
https://t.co/pcDVJxY1tP https://t.co/RNnky7QwRZ",Neutral
8e851cfa,@Todo_atleti mas vale que lo haga en los partidos que es donde vale,Negative
6a773e80,@AS_Manolete Alves se fue del Bar√ßa a la Juve.,Neutral
924a2e25,@MrPortadas Imag√≠nate los que escribe Pedrerol cuando el Bar√ßa de folla al Madrid en la raz√≥n...,Negative
9b3ae3ef,"Andr√©s Iniesta, a toda m√°quina para llegar al Bar√ßa-Chelsea https://t.co/mM49GYs5RW",Neutral
84d31e1d,Alguien sabe en que hotel de concentracion se alojara el Bar√ßa en Malaga????,Neutral
adcbe909,"@Pirata__Roberts Despu√©s de un partido del Madrid de Champions, ¬øde qu√© quieres que se hable? ¬øDel liderato incontestable del Bar√ßa en Liga o de que est√° en la final de Copa? ¬øHacemos un especial con los mejores goles del Bar√ßa hasta ahora? Todo a gusto vuestro, para que el cul√© no se queje.",Negative
b7007742,"‚öΩÔ∏èüá™üá∏| Bar√ßa

Se cumplen 17 a√±os del debut del genio, del mejor jugador de la historia, con el infantil B del Bar√ßa. 
Lionel Messi. 
üòéüëëüá¶üá∑

#FCBlive #Bar√ßa #For√ßaBar√ßa #FCBarcelona #LaLiga #LeoMessi ‚öΩÔ∏èüî¥üîµ

V√≠a üìéFCBarcelona_es

https://t.co/AN5kWUSRAU",Positive
a246aab8,üí∞ MERCADO Los tres jugadores del Bar√ßa que Mourinho pretende fichar en verano ‚¨áÔ∏è‚¨áÔ∏è https://t.co/o55JLjrCvT,Neutral
1d2b6a9c,@DjMaRiiO_90 Que como no ganen la champions se van a la mierda por payasos.@Atleti el mejor equipo del mundo. Puto @realmadrid,Negative
f9b45721,"@Univ_Deportivo @El_Universal_Mx Yo nom√°s veo q rompe y rompe records y aun as√≠ los medios ‚Äúserios‚Äù, solo se la maman a Messi y al Bar√ßa, por que ser√°??? ü§îü§îü§îü§ëü§î",Negative
4f9c2151,"Esto del f√∫tbol es as√≠, te suben y bajan a la vez, seg√∫n sople el viento y de 0 a a100 de un cohete espacial, decir fiasco a Emery, por perder contra dos equipitos...como Bar√ßa y Madrid, con el primero, la vuelta.....y contra el RM no ten√≠a a su m√°xima estrella, pues vale...",Neutral
0299b9ce,"@GallardoX13 @TOTWprediccion Te repito, despu√©s de ganar al atleti y quitarles el invicto a la semana siguente no sacamos IF, lo mismo ha pasado con el madrid y con el bar√ßa",Neutral
648127fd,"De los 22 jugadores del PSG, de la plantilla de ayer s√≥lo 3 han ganado la UCL. Uno de ellos cuando yo ten√≠a 11 a√±os y tengo 23. Y es motta con el Bar√ßa en 2006. Los otros dos di maria y Alves. Los dem√°s estrellas v√≠rgenes sin estilo ni proyecto ante una jerarqu√≠a como Madrid.",Negative
a2fd37d8,"@APUESTASMLS @gran_culon @Zona_Blaugrana Entonces..esto,es por el Bar√ßa..no esta hablando del Alibaba Bernab√©u..no? Aunque ponga Madrid..esta hablando del FCB!?ü§î
üòÇüòÇüòÇüòÇüòÇüòÇüòÇüòÇüòÇüòÇüòÇüòÇüòÇüòÇüòÇüòÇüòÇüòÇüòÇjajajajaja jajajajaja https://t.co/YOSyKSI28g",Neutral
d435b4d9,üîµüî¥Hoy se cumplen 17 a√±os del debut oficial de Leo #Messi con el Infantil B del Bar√ßa. Mira el #Video que el #FCBarcelona ha entregado para conmemorar .... https://t.co/26ALY4K0vR,Neutral
6cf62190,"@EfrainMoises17 @lparbitrofutbol @Trigueros17 @FCBarcelona_es @Atleti Escucha bien a Sergio Busquets, dice duro pero no por el viaje en s√≠, sino que regresaron de madrugada y al d√≠a siguiente hab√≠a que entrenar para preparar el partido ante el @Atleti, ellos ya descansaditos y ellos sin apenas un d√≠a de descanso. Eso es todo. No hay que sacar mas",Neutral
657de576,"Si tuvierais que fichar a uno para el Bar√ßa a quien escogeriais?
- RT @AntoGriezmann 
- MG @PauDybala_JR https://t.co/OLR3gTQP8h",Neutral
1e3d7a91,"@garcijarvar y @scastle1977 no os da un poco de verg√ºenza que este se√±or sea del Atleti? a mi me pasa lo mismo con Roncero, periodistas... https://t.co/g94C4ofMXa",Negative
2561acb6,lo que les faltaba para no cuadrar las cuentas en el atleti jaja https://t.co/8z1jrqvV11,Negative
09767c67,"@FOXSportsArg Osea, boca no pudo con argentinos quieren que pueda  con el barca?",Neutral
f3b9c26d,"Estamos preparando un mercadillo  para recaudar  fondos para el viaje a Senegal del proyecto ""Una aldea llamada Wandie"" @WandieAldea . Todav√≠a disponemos de entradas Fila 0 del Concierto Solidario.  Estaremos  en  el AMPA hoy mi√©rcoles de 17:15 a 18:15 y  viernes de 17 a 17:30. https://t.co/DweVlBrsMW",Neutral
33b227da,"@PedroHernandz8 Si si pero no todos los partidos, ya ver√°s la pr√≥xima vez que juguemos de local, lo de ayer es imperdonable, fallas eso contra Barca o City y est√°s fuera.",Negative
7f1bf942,"¬øQu√© es la vida? Un frenes√≠. ¬ø Qu√© es la vida? Una ilusi√≥n, una sombra, una ficci√≥n; y el mayor bien es peque√±o; que toda la vida es sue√±o, y los sue√±os, sue√±os son. Pedro Calder√≥n de la Barca",Neutral
d646669d,#UEL | Unos 1.300 efectivos veler√°n ma√±ana por la seguridad en el duelo de la @EuropaLeague que jugar√°n en el Wanda @Metropolitano el @Atleti y el Lokomotiv de Mosc√∫. #EuropaLeague. https://t.co/bI6FSZzIlD,Neutral
84dceed8,La oportunidad que el Bar√ßa le debe a Carles Ale√±√° https://t.co/ZIklvLINQy,Neutral
ad9dbd75,@DiegoACarranza7 Pues porque en t√≠tulos el Bar√ßa le supera... Que... La CL es lo √∫nico que importa? O podemos decir que el Bar√ßa va rumbo a ganar 7 de las √∫ltimas 10 ligas. Una puta locura. Copas del rey? Y dem√°s que vienen adicionales. Sigue super√°ndole en t√≠tulos.,Positive
527c6635,"@NatachaPena Siempre se ha manejado como un t√©cnico de media tabla y un poquito m√°s, le quedan grande los equipos √©lites. Y que decir del PSG, vaya papelon, 400 millones para ser equipo candidato y quedarse en unos 4tos de final. Ay Neyyyyy pa que te fuiste del bar√ßa. ü§¶üèª‚Äç‚ôÇÔ∏è",Neutral
8476e684,@Mariofelipe98 @juande_98 @juancarcalles Ojal√° nenes ojal√° toque el Bar√ßa si yo creo que voy a ir a al Bernab√©u y to para rezarle a D7OS,Positive
34a9095a,#MERCADO | Los tres jugadores del Bar√ßa que Mourinho pretende fichar en verano | 90 min https://t.co/wL8S7UiHkE,Neutral
59847b1d,"@ruben4roses_atm @imaetxega Que Robin ni que ni√±o muerto, si nosotros no decimos nada. Sois vosotros y vuestra obsesi√≥n por el Madrid para variar. Ya se que te fijas en theo o vini jajaja solo haceis eso,  mirarnos sin parar. Este a√±o no se , pero los dos anterirores gasto mas el atleti en fichajes",Negative
9deb6a1f,"@Seezzzy et KDB a dit ""Faites la meme contre le Barca"" mdrr",Neutral
409bf991,@bertopopc @Antonimd @palauresist @Jesus8233 Queda temporada todav√≠a.. Si el Bar√ßa gana la liga qui√©n se atreve a echarlo con un doblete.. Insisto el problema no est√° en el banquillo..sino en los que quieren salir en la foto cuando se gana..,Neutral
b4e05962,@DoctorCule Que les importa y le asegura el bal√≥n de oro a CR7 la Champions!! A ver si el Bar√ßa puede con el Chelsea que jugamos muy mal la ida,Neutral
65bc35de,@20m @Atleti Joder!! Ya roban hasta mierda!!,Negative
db650713,"Pensar que Tata Martino dec√≠a que ten√≠a que jugar por derecha y que Ice Pastore iba a conducir el f√∫tbol de la selecci√≥n, Sabella jug√≥ para √©l y Mascherano, hasta hinchas del Barca lo quer√≠an por por izquierda al tipo que maneja el f√∫tbol del Barca con Busquets. https://t.co/mUBDDWmDeE",Neutral
52ab1afa,"NO ESTOY PSICOLOGICAMENTE PREPARADO PARA QUE EL BAR√áA DEJE ARAFUE AL CHELSEA. üòîüíô
#UCL",Negative
6cc24cb7,@FCBarcelona Lo m√°ximo,Neutral
85fb474e,"Ay en serio todav√≠a los ateos en acci√≥n y s√∫per pro gays, que aburrimiento. Dejar√© esta red social unos d√≠as, volver√© cuando juegue el Bar√ßa",Neutral
90e16e66,@AS_Manolete Y con el atleti podemos so√±ar otra vez? ese no lo has incluido en los miuras üò≥üò≥üò≥üò≥üò≥üò≥üò≥üò≥üò≥üò≥üò≥üò≥,Neutral
1450702b,Ahhhh claro que es del Atleti https://t.co/xm4PU8C9jl,Negative
905ac82b,Su primer y √∫ltimo gol con el Bar√ßa https://t.co/MPLV5fZoLm,Neutral
2dc9f33a,@miguelfar07 @DanLens Yo del Barca me quedar√≠a con Rakitic... es lindo y as√≠ de rubio m√°s,Positive
2059eff6,"ANQUELA ha sido sancionado con 2 PARTIDOS por su expulsi√≥n ante el Bar√ßa B. 
#Liga123 #RealOviedo https://t.co/myM7oxtfDA",Neutral
7c34b338,@PepeKollins Estas cosas me recuerdan una frase genial que no s√© qui√©n dijo primero. En los √∫ltimos 20 a√±os el gran dominador de Europa es el Bar√ßa con 4 Champions. Le sigue de lejos el Madrid con 6.,Neutral
5fdbcc7d,@YihadAtletica @xavismo Esta solo y creo que nuevamente el Bar√ßa no podr√° alzar la orejona,Negative
b6904d39,"@Messivomita_ EL MEJOR JAJAJAJAJAJAJJA POR ESO ESTA√çS EN LIGA A 15 PUNTOS DEL BARCA, ELIMINADOS DE LA COPA POR EL LEGANES AJAJJJAJA. SOLO JUEGAN LA CHAMPIONS QUE VERGUENZA COBRANDO MILLONES POR JUGAR 9 PARTIDOS. A LOS SOCIOS DEL MADRID LOS JUGADORES LES TOMAN POR TONTOS. JAJAJAJAJ https://t.co/cEI9TDO5Cl",Negative
83663df3,"A todos esos de la caverna que me escriben. No es por ser prepotente, pero les digo que el Bar√ßa va de 1ro, ni se a cuantos puntos del 3ro, finalista de copa y en v√≠speras de 4tos. En champions. Ahhh y se llevaron 3 en el bernaLeo. A MAMAR.",Negative
140ddce2,"@Albiazules @DWunderkammern @recreoficial @AytoHuelva Es el titular f√°cil. No se preocupan de leer la letra peque√±a. Claro, dedican tanto tpo a Madrid y Bar√ßa q para q se van a infornar",Negative
69ac1365,MERCADO | Los tres jugadores del Bar√ßa que Mourinho pretende fichar en verano https://t.co/Pb6DghkBa1,Neutral
cf792cc8,Un ingl√©s en el Bar√ßa 29 a√±os despu√©s de Gary Lineker https://t.co/p2iL1pIKbM https://t.co/ARuCnGSVRo,Neutral
e4559e4f,@cofitin El Atleti? O Emery?. Los primeros esperando que tiren a puerta. El segundo estara sin equipo. O en el Almeria o Lorca.,Negative
a47a2f43,@bedumo @EstebanMqzG2 Que se lo digan al Bar√ßa que despu√©s de muchos penaltis sin pitar (en unos a√±os) le pitan uno que no es,Neutral
0965561f,Please RT!! #barcelona #fcbarcelona #Barca #fcb    La esposa de Rosell: ?No me ha fallado nadie? https://t.co/xdfEymbtte https://t.co/OLXCmv4dGv,Neutral
78572ad3,"EL DOMINGO VIAJAMOS para ver a nuestro @Atleti 

Salimos a las 12, ¬øte quieres venir?

Cuenca -&gt; Madrid y plaza en el @Metropolitano 

¬°Escr√≠benos hoy o ma√±ana para apuntarte!

Ma√±ana tambi√©n vamos pero... ¬°EL AUTOB√öS YA EST√Å LLENO!

#AtletiLokomotiv",Positive
c8beb317,"En la semana de los ""√ìscar de Messi"" por marcar un gol de falta con la barrera a 11.15 m, Cristiano ha marcado 3 goles en en 2 exhibiciones. La de Paris para la historia...

El solo lleva 2 goles m√°s que todo el Bar√ßa en la UCL y ha intervenido en el 77% de los goles del RM.",Neutral
f2dd25f2,"posible 11 del Bar√ßa hoy vs Espanyol 

me gusta mucho ,  Andre en su sitio natural y minutos para Denis Dembele y Paco para coger ritmo .

con ganas de verlo :) https://t.co/wo0kFMbTV6",Positive
b4d4f78f,"Bar√ßa 4-0 Bayern
Bar√ßa 3-0 Bayern
Bar√ßa 5-0 Bayern.

Bar√ßa con messi lesionado y sin 5 titulares ,0-7.
ya veo jajajajajaja.
4+3+5= 12 -7 üòÇüòÇüòÇ https://t.co/dCbaLQQ6XR",Neutral
e2e83809,"@SpheraSports ‚öΩÔ∏è Messi
üó£ Johan Cruyff
‚úç Joan Laporta
üèü Anfield
üéΩ Bar√ßa 05-06 O 14-15 y Mil√°n 2017-2018",Neutral
e9895b06,@GiuStyleHD Siento que va hacer el caballo negro creo que puede llegar hasta las semis. Saludos,Neutral
56635c83,Abrir√°n otra vez la taquilla para las entradas del Bar√ßa vs Chelsea?@FCBarcelona_es  üò≠,Negative
9072ea75,"[#EMPLEO] Trabaja en una empresa cuya misi√≥n es la fabricaci√≥n de medicinas que salvan la vida a millones de personas. Tus responsabilidades en el puesto ser√°n las de conducir las l√≠neas de acondicionamiento, entre otras. ¬øInteresad@? ¬°Aplica! ‚ñ∂Ô∏è https://t.co/7I58Ulgczk https://t.co/OwRHai5OWh",Neutral
5ac00d2e,Bar√ßa. https://t.co/gODgMhub9A,Neutral
38d597a2,"un dia como hoy hace 17 a√±os, un tipo que se llamaba Lionel Messi o algo asi, debutaba en en Barca B",Positive
00be7c82,"Arthur, muy cerca del Bar√ßa
https://t.co/rjbda8novl
#Barcelona 
#Gremio
#LaLiga https://t.co/KAjccaUq5p",Neutral
83633fcb,@BD_ESPN Ese es un equipo mediocre que no es para #Champions que gane la #Liga y la #CopadeFrancia mas nada y que el √°rabe que siga gastando millones y millones de los verde üíµüí≤üí≤üí≤üí∞üí∞üí∞üí∞ que nada le sirve el √∫nico puede ser #Messi y ese no se vende üòÄ‚öΩüèÜüëç,Negative
13a24f43,@memescastilla @AsturianMemes ¬øpor qu√© @Espball va en una barca y en mitad del mar?,Neutral
714db938,@Mariofelipe98 @juancarcalles JAJAJAJAJAJAJAJAJAJAJAJAJAJAJAJAJAJAJAJAJAJAJAJAJAJAJAJAJAJAJAJAJAJAJAJAJAJAJAJAJAJAJA que no que no hacerme caso que yo al rival que m√°s quiero follar ahora es al far√ßa perd√≥n Bar√ßa üòÇ,Neutral
37d98002,"@AS_Manolete Si una lastima que no est√© el @Atleti , ya ser√° otro a√±o.",Neutral
e445ceae,@FCBarcelona El mejor del mundoüëåüòé,Positive
410a03e1,@D10SFCB_ @ElBarselono El mejor equipo del mundo es el m√°s laureado. Seg√∫n la Fifa el mejor del siglo XX es el Real Madrid. Y hasta que tenga el Bar√ßa 12 Champions os queda mucho q pedalear! √Ånimo! https://t.co/i8Pgc8KPgX,Neutral
ac266338,"@PolloSchoenig @noseasmalotv quien no ve f√∫tbol sos vos porque cavani no le hace un gol a nadie 
frente al real Madrid le hizo un gol de pedo  el barca jugaba mal defend√≠a como el culo en los √∫ltimos partidos cavani juega mal seamos realista 
y s√°cate la camiseta",Negative
a7e500b7,"Foto a lo #Messi.

@futbol_fantasy 

As√≠ celebro cuando hago una buena jornada en @biwenger . https://t.co/8MgnC9rLPK",Positive
95cb2737,@Futbolman10 Le√≠ en un portal BR que hab√≠a paso reconocimiento m√©dico si es problema  de dinero el Bar√ßa y sus errores negociando es algo l√≥gico que Gremio te vaya a pedir parte del pago ahora para amarrar su negocio dejar tirado a un jugador que a dicho abiertamente que quiere ir al Bar√ßa,Neutral
b8c3b97d,"Dimitri Ch√©ryshev, exjugador del Sporting, analiza al Lokomotiv, que ma√±ana se mide al @Atleti . Dimitri es el padre de Denis @Cheryshev que ahora juega en el Villarreal. ""Creo que el Atl√©tico ganar√° m√≠nimo por dos goles""
AUDIO PODCAST üéßüé§
 https://t.co/3YczlhdiUt",Neutral
d4d95586,@kike_mateu @TDescuentoValen El que no aplica el Fair play al Madrid o Bar√ßa? El que permite competir a SA contra no SA?,Neutral
4c5c5bf3,"17 a√±os del debut de Messi con el Bar√ßa
El argentino con 13 a√±os disput√≥ su primer partido con el Infantil B del Bar√ßa y marc√≥ su primer gol
https://t.co/WPEsuHNNn2",Positive
c0bb5c50,Me gustar√≠a decirle a la @FCF_CAT que el partido de la Super Copa catalana deber√≠a ser los dos equipos m√°s fuertes. #FCBarcelona y #Girona. El espa√±ol no pinta nada en este partido. #SupercopaCAT,Negative
b9f0f4e6,"@AntiRMadridGT @JeanRonaldo6 @gvenezuela1986 @2010MisterChip Robo al bayern? 
Robi al atleti?
Yo creo que lo √∫nico que nos pito fue un fuera de juego justo as√≠ que robi.. Y al bayern ni se que robo dices jaj",Negative
1d058b14,"Se te ve hoy m√°s contento que de normal, Josep. Pero t√∫, ¬øno eras del Bar√ßa? #JUGONED",Neutral
d9e353d4,"@FranHerrera96 @titomartin67 @granky80 @chano_suarex Gente muy ingrata e injusta con el equipo! En deporte puede pasar d todo. El equipo q me apasiona es el q me llena de alegr√≠a como ante Valencia, pero tb el q me lo hace pasar mal como ayer. Claro que me gustar√≠an t√≠tulos, pero si ese es el √∫nico objetivo, recomiendo RM o Bar√ßa!",Neutral
cbe72844,Me ha gustado un v√≠deo de @YouTube (https://t.co/f52V3WNuX5 - Noche de emociones en la remontada hist√≥rica del Bar√ßa).,Positive
cdcd8291,"2.- Correspondencia de un n√°ufrago. Jugamos todos o no juega nadie, por @ibenedettip / 3.- Las conmociones cerebrales en el f√∫tbol, por @iLoles / 4.- Grandes maestros: Laureano Ruiz, el abuelo del Bar√ßa, por @martiperarnau https://t.co/i7rqS0ltsK",Neutral
e279cab0,@bezares24 Y cada vez que preguntaba el Bar√ßa por Marquinhos ped√≠an 70 kilos!! Que poca verg√ºenza üòÇüòÇüòÇüòÇ,Negative
7740fed9,"Han hecho un alunizaje en la tienda del @Atleti en el @Metropolitano y han robado entradas y otras cosas. Eso si, pod√©is estar tranquilos que la zona de las champions se ha quedado intacta üòÇüòÇ",Neutral
552f3209,Iniesta inicia su plan en la Ciutat Esportiva para llegar al Bar√ßa-Chelsea @mundodeportivo https://t.co/KtYJpjFTIM,Neutral
ab2b07b4,@_SentimentCule Y supuestamente @jpedrerol  le va al barca !! Es tan obvio que los partidos del barca le busca hasta el m√°s m√≠nimo error y al madrid siempre gana bien ! Lamentable !!,Negative
eaff88b8,Ya sabemos que te vas al Bar√ßa ‚Äî C√ÅLLATE eso es re falso https://t.co/WWTuTF7P3Z,Negative
319e9077,"@8Colla Bua, amb el partidet de ahir... ni pel B... nomes perdia pilotes... cap jugador del bar√ßa te % de perdre pilotes com ahir Verratti...",Negative
80359546,@Messivomita_ HABER TONTITO MAS MERITO TIENE GANAR LA LIGA QUE SON 38 PARTIDOS Y ME PARECE QUE EL BARCA LLEVA 5  EN 8 A√ëOS Y ESTE A√ëO CAE LA 6. LA CHAMPIONS SON SOLO 7 PARTIDOS E INFLUYE MUCHO LOS ARBITRAJES. https://t.co/7awDM2baPj,Negative
faaa5621,"As√≠ quedo la encuestita que hicimos ayer, en caso de que Iniesta no se recupere a tiempo para jugar contra Chelsea.
Si jugara Ousmane Dembel√© como dice la mayor√≠a, me parece que #Messi podr√≠a jugar en MC y adelante #Dembel√© y #Suarez, es solo mi humilde opini√≥n como aficionado.ü§î https://t.co/AvFFarhLaU",Neutral
a5b4e015,"‚öΩ El valler C√©sar Ferrando √©s el nou entrenador de @cfnucia. Anteriorment ha entrenat a @Atleti @AlbaceteBPSAD @Academia_VCF @GandiaCF i, com no, @UETavernes. Competir√† contra altre ilustre valler que ocupa la banqueta del @SillaCF: Ximo Enguix. #ValldignaEsports https://t.co/AwmNQwDYuT",Neutral
7d07463e,"#Deportes ‚û°Ô∏è Hace 17 a√±os, Messi por primera vez se puso la del Bar√ßa: El club blaugrana public√≥ un video muy especial para celebrar los primeros pasos de Lionel en la instituci√≥n catalana Hace 17 a√±os, Lionel Messi comenzaba a hacer de‚Ä¶ https://t.co/xFHPdToMsd ‚¨ÖÔ∏è #Ent√©rate https://t.co/kXksLJEK3i",Positive
ebe5a55d,"@Ovaciondigital Era hora, con un t√©cnico que no aspira a nada, tiene miedo. El a√±o pasado el barca tenia que hacerle 5 goles, pues le hizo 5. Este a√±o partido de ida iban 1 a 1 y a los 65 saca a @ECavaniOfficial . Es t√©cnico para cuadros chicos.",Neutral
7ca40d8f,"@alexcruzrod @johnhahumada @LuisOmarTapia Otro Madridista , a ver , en el Bayern hizo lo que no pudo Ancceloti , en el Barca gan√≥ todo , y en el Citi con su mejor liga de la historia . Si solo fuera cuesti√≥n de dinero Emery habr√≠a eliminado al Madrid .",Negative
88eebef6,@marca se le viene bayern barca y madrid y ya esta adelantando las excusas muy inteligente se√±or pep,Negative
4e66596d,"Desde la direcci√≥n hasta los actores el v√≠deo de The less i know the better est√° hecho por catalanes. Visca Bar√ßa, joder.",Positive
b8aadf56,@ElGolazoDeGol Ya ha jugado el Bar√ßa? ... un poco m√°s de respeto a los dem√°s clubs y m√°s a un grande de Inglaterra @ElGolazoDeGol,Neutral
58f68411,"@LuisOmarTapia Y con √©l barca gano lo que quiso papi, sali√≥ del closet un madridista frustrado y anciano.",Negative
054bbd98,"Desde la llegada de Nasser Al-Khelaifi al PSG üá®üáµ ha gastado US$ 1.156 millones üí∏ todo para ganar champions üèÜ
No pas√≥ 4tos.

13/14 vs Barca ‚ùå
14/15 vs Chelsea ‚ùå
15/16 vs Man City ‚ùå
16/17 vs Barca ‚ùå
17/18 vs R. Madrid ‚ùå

#Fail https://t.co/ZzMuNNs6tW",Negative
5c9a7e0e,"@AS_Manolete Ahora es un chollo ? Si lo gana el atleti es un ekipazo, pero vuestra envidia os lleva a quitarle meritos",Negative
6f4ddb0a,"@RayasRB @FCBarcelona_es @realmadrid @Simeone @Atleti @manuelbriasbarr @Pepepasques @vanpiuroboros Solo ha conseguido 5 tristes copas desde que lleg√≥, entre ellas una liga el a√±o que el Madrid fich√≥ a Bale y el Barsa a Neymar, gast√°ndose el presupuesto del Atl√©tico de Madrid de aquel mismo a√±o.
Que cosas üòéüëçüèªüîùüîùüîùüîùüîù https://t.co/aggTuYuEgm",Positive
3e5c85b8,@luissuazo_ @AdrySentinel @2010MisterChip @Cas_RM Contra un bar√ßa en estado de shock por la salida de Neymar y un delofeu en ataque e intrascendente,Neutral
83061bb4,@AS_Manolete No me hab√≠a enterado de que el  Bar√ßa ya est√° clasificado. Gracias por la informaci√≥n. ¬øC√≥mo qued√≥ el partido de vuelta?,Neutral
96ee84f5,"@mundodeportivo A nivel? Vamos Matt!! No deja de ser un equipo de la ligue 1 francesa... no hablamos de un Man united, barca o realma.. yo creo que el problema en el psg es que faltan mas de un jugador que meta garra en ese tipo de partidos..",Negative
d8608717,@Kano_8_ No tengo ning√∫n  problema en que pasen otro verano pidi√©ndolo como El Salvador del Bar√ßa.,Neutral
12492f86,"@FCBarcelona algunos llorando por que no tienen tiempo para descansar, les pedir√≠a que viviesen un poco en el mundo de la gente normal aquella que se lava la ropa hace la comida y va a trabajar, por supuesto con sueldos normales y corrientes #sinolodigoreviento #behumble",Negative
19f305a3,"@CriterioCule Con tu √∫ltimo tuit me cagar√≠a una final as√≠, imag√≠nate pero si pasa pues creo que ser√≠a un golpe generacional, qui√©n sabe al final s√≠ en todos estos a√±os el Barca demuestra mejor f√∫tbol aunque hoy es un poco opaco en fin a ver qu√© pasa. Me parece tu √∫ltimo tuit.",Negative
f011a2cb,"@_Rubenigga @UnIndioAtletico C√≥mo en casa, en ning√∫n sitio. Cada vez te echo m√°s de menos. Hay muchos que ya est√°n atiborrados de ""caviar"" y no se dan cuenta que ser del ATLETI, es no para de luchar y no bajar los brazos...",Neutral
e11d042d,"¬°OFICIAL!

#Juan #Cazares üá™üá® renueva con el #Atl√©tico #Mineiro üáßüá∑ #FichajesYa üëÅ‚Äçüó®

Mira la noticia completa aqu√≠ üëá
https://t.co/cGOGXtfchD",Neutral
ab2cf490,@migueljr_5 @elchiringuitotv Si los de Madrid hacen lo mismo con el Bar√ßa muchas veces üòÇ,Neutral
a013d119,"El inicio de una historia fuera de este mundo üëæ

Hace 17 a√±os Messi estrenaba los colores del Barcelona 

üîµüî¥

https://t.co/EgIqiXPNj3 https://t.co/zL2YxmLEH8",Positive
ed6f210d,"@MarinaOrti üòÇüòÇüòÇüòÇ lo del bar√ßa si fue la locura, o el robo del siglo????",Negative
f8f3bd8c,"@CriterioCule La Copa del Rey coge valor si enfrentas en finales al Atleti o Barca, las Ligas es un tema que me duele pero con las UCLs ni el mejor Barca de la historia gano dos seguidas. Gan√≥ 2 en 4 a√±os, el Madrid 3. Con el tema de Messi y CR como te digo me da pena ajena que s√≥lo 1/2...",Neutral
